lexeme_id,concept_id,sense_id,variant_group_id,surface_form,canonical_concept,swahili_gloss,english_gloss,category,region,register,source_name,source_type,permission_basis,training_use_allowed,commercial_use_allowed,review_status,confidence,notes
L00162,C0092,S00162,V0071,Mungu,God,Mungu,God,religion,Kenya,religious / conversational / code-switched,Sheng AI Bible terminology candidate set,project_curated_candidate,original_terminology_annotation,yes_after_native_and_theological_review,yes_after_native_and_theological_review,needs_native_and_theological_review,0.55,Candidate forms; 'Jah' is informal/borrowed and requires community/theological review.
L00163,C0092,S00163,V0071,God,God,Mungu,God,religion,Kenya,religious / conversational / code-switched,Sheng AI Bible terminology candidate set,project_curated_candidate,original_terminology_annotation,yes_after_native_and_theological_review,yes_after_native_and_theological_review,needs_native_and_theological_review,0.55,Candidate forms; 'Jah' is informal/borrowed and requires community/theological review.
L00164,C0092,S00164,V0071,Mola,God,Mungu,God,religion,Kenya,religious / conversational / code-switched,Sheng AI Bible terminology candidate set,project_curated_candidate,original_terminology_annotation,yes_after_native_and_theological_review,yes_after_native_and_theological_review,needs_native_and_theological_review,0.55,Candidate forms; 'Jah' is informal/borrowed and requires community/theological review.
L00165,C0092,S00165,V0071,Jah,God,Mungu,God,religion,Kenya,religious / conversational / code-switched,Sheng AI Bible terminology candidate set,project_curated_candidate,original_terminology_annotation,yes_after_native_and_theological_review,yes_after_native_and_theological_review,needs_native_and_theological_review,0.55,Candidate forms; 'Jah' is informal/borrowed and requires community/theological review.
L00166,C0093,S00166,V0072,amen,Amen,Amina,amen,religion,Kenya,religious / conversational / code-switched,Sheng AI Bible terminology candidate set,project_curated_candidate,original_terminology_annotation,yes_after_native_and_theological_review,yes_after_native_and_theological_review,needs_native_and_theological_review,0.55,Liturgical form; verify preferred Sheng usage.
L00167,C0093,S00167,V0072,amina,Amen,Amina,amen,religion,Kenya,religious / conversational / code-switched,Sheng AI Bible terminology candidate set,project_curated_candidate,original_terminology_annotation,yes_after_native_and_theological_review,yes_after_native_and_theological_review,needs_native_and_theological_review,0.55,Liturgical form; verify preferred Sheng usage.
L00168,C0094,S00168,V0073,umba,create,umba,create,religion,Kenya,religious / conversational / code-switched,Sheng AI Bible terminology candidate set,project_curated_candidate,original_terminology_annotation,yes_after_native_and_theological_review,yes_after_native_and_theological_review,needs_native_and_theological_review,0.55,Verb; retain both Swahili and English code-switch candidates.
L00169,C0094,S00169,V0073,create,create,umba,create,religion,Kenya,religious / conversational / code-switched,Sheng AI Bible terminology candidate set,project_curated_candidate,original_terminology_annotation,yes_after_native_and_theological_review,yes_after_native_and_theological_review,needs_native_and_theological_review,0.55,Verb; retain both Swahili and English code-switch candidates.
L00170,C0095,S00170,V0074,uumbaji,creation,uumbaji,creation,religion,Kenya,religious / conversational / code-switched,Sheng AI Bible terminology candidate set,project_curated_candidate,original_terminology_annotation,yes_after_native_and_theological_review,yes_after_native_and_theological_review,needs_native_and_theological_review,0.55,Concept noun; theological review required.
L00171,C0095,S00171,V0074,creation,creation,uumbaji,creation,religion,Kenya,religious / conversational / code-switched,Sheng AI Bible terminology candidate set,project_curated_candidate,original_terminology_annotation,yes_after_native_and_theological_review,yes_after_native_and_theological_review,needs_native_and_theological_review,0.55,Concept noun; theological review required.
L00172,C0096,S00172,V0075,Muumba,creator,Muumba,creator,religion,Kenya,religious / conversational / code-switched,Sheng AI Bible terminology candidate set,project_curated_candidate,original_terminology_annotation,yes_after_native_and_theological_review,yes_after_native_and_theological_review,needs_native_and_theological_review,0.55,Divine-title usage requires theological review.
L00173,C0096,S00173,V0075,Creator,creator,Muumba,creator,religion,Kenya,religious / conversational / code-switched,Sheng AI Bible terminology candidate set,project_curated_candidate,original_terminology_annotation,yes_after_native_and_theological_review,yes_after_native_and_theological_review,needs_native_and_theological_review,0.55,Divine-title usage requires theological review.
L00174,C0097,S00174,V0076,omba,pray,omba,pray,religion,Kenya,religious / conversational / code-switched,Sheng AI Bible terminology candidate set,project_curated_candidate,original_terminology_annotation,yes_after_native_and_theological_review,yes_after_native_and_theological_review,needs_native_and_theological_review,0.55,Verb.
L00175,C0097,S00175,V0076,pray,pray,omba,pray,religion,Kenya,religious / conversational / code-switched,Sheng AI Bible terminology candidate set,project_curated_candidate,original_terminology_annotation,yes_after_native_and_theological_review,yes_after_native_and_theological_review,needs_native_and_theological_review,0.55,Verb.
L00176,C0098,S00176,V0077,sala,prayer,sala/maombi,prayer,religion,Kenya,religious / conversational / code-switched,Sheng AI Bible terminology candidate set,project_curated_candidate,original_terminology_annotation,yes_after_native_and_theological_review,yes_after_native_and_theological_review,needs_native_and_theological_review,0.55,Multiple common forms; context distinguishes prayer act/content.
L00177,C0098,S00177,V0077,maombi,prayer,sala/maombi,prayer,religion,Kenya,religious / conversational / code-switched,Sheng AI Bible terminology candidate set,project_curated_candidate,original_terminology_annotation,yes_after_native_and_theological_review,yes_after_native_and_theological_review,needs_native_and_theological_review,0.55,Multiple common forms; context distinguishes prayer act/content.
L00178,C0098,S00178,V0077,prayer,prayer,sala/maombi,prayer,religion,Kenya,religious / conversational / code-switched,Sheng AI Bible terminology candidate set,project_curated_candidate,original_terminology_annotation,yes_after_native_and_theological_review,yes_after_native_and_theological_review,needs_native_and_theological_review,0.55,Multiple common forms; context distinguishes prayer act/content.
L00179,C0099,S00179,V0078,imani,faith,imani,faith,religion,Kenya,religious / conversational / code-switched,Sheng AI Bible terminology candidate set,project_curated_candidate,original_terminology_annotation,yes_after_native_and_theological_review,yes_after_native_and_theological_review,needs_native_and_theological_review,0.55,
L00180,C0099,S00180,V0078,faith,faith,imani,faith,religion,Kenya,religious / conversational / code-switched,Sheng AI Bible terminology candidate set,project_curated_candidate,original_terminology_annotation,yes_after_native_and_theological_review,yes_after_native_and_theological_review,needs_native_and_theological_review,0.55,
L00181,C0100,S00181,V0079,amini,believe,amini,believe,religion,Kenya,religious / conversational / code-switched,Sheng AI Bible terminology candidate set,project_curated_candidate,original_terminology_annotation,yes_after_native_and_theological_review,yes_after_native_and_theological_review,needs_native_and_theological_review,0.55,
L00182,C0100,S00182,V0079,believe,believe,amini,believe,religion,Kenya,religious / conversational / code-switched,Sheng AI Bible terminology candidate set,project_curated_candidate,original_terminology_annotation,yes_after_native_and_theological_review,yes_after_native_and_theological_review,needs_native_and_theological_review,0.55,
L00183,C0101,S00183,V0080,neema,grace,neema,grace,religion,Kenya,religious / conversational / code-switched,Sheng AI Bible terminology candidate set,project_curated_candidate,original_terminology_annotation,yes_after_native_and_theological_review,yes_after_native_and_theological_review,needs_native_and_theological_review,0.55,
L00184,C0101,S00184,V0080,grace,grace,neema,grace,religion,Kenya,religious / conversational / code-switched,Sheng AI Bible terminology candidate set,project_curated_candidate,original_terminology_annotation,yes_after_native_and_theological_review,yes_after_native_and_theological_review,needs_native_and_theological_review,0.55,
L00185,C0102,S00185,V0081,rehema,mercy,rehema,mercy,religion,Kenya,religious / conversational / code-switched,Sheng AI Bible terminology candidate set,project_curated_candidate,original_terminology_annotation,yes_after_native_and_theological_review,yes_after_native_and_theological_review,needs_native_and_theological_review,0.55,
L00186,C0102,S00186,V0081,mercy,mercy,rehema,mercy,religion,Kenya,religious / conversational / code-switched,Sheng AI Bible terminology candidate set,project_curated_candidate,original_terminology_annotation,yes_after_native_and_theological_review,yes_after_native_and_theological_review,needs_native_and_theological_review,0.55,
L00187,C0103,S00187,V0082,dhambi,sin,dhambi,sin,religion,Kenya,religious / conversational / code-switched,Sheng AI Bible terminology candidate set,project_curated_candidate,original_terminology_annotation,yes_after_native_and_theological_review,yes_after_native_and_theological_review,needs_native_and_theological_review,0.55,
L00188,C0103,S00188,V0082,sin,sin,dhambi,sin,religion,Kenya,religious / conversational / code-switched,Sheng AI Bible terminology candidate set,project_curated_candidate,original_terminology_annotation,yes_after_native_and_theological_review,yes_after_native_and_theological_review,needs_native_and_theological_review,0.55,
L00189,C0104,S00189,V0083,mwenye dhambi,sinner,mwenye dhambi,sinner,religion,Kenya,religious / conversational / code-switched,Sheng AI Bible terminology candidate set,project_curated_candidate,original_terminology_annotation,yes_after_native_and_theological_review,yes_after_native_and_theological_review,needs_native_and_theological_review,0.55,
L00190,C0104,S00190,V0083,sinner,sinner,mwenye dhambi,sinner,religion,Kenya,religious / conversational / code-switched,Sheng AI Bible terminology candidate set,project_curated_candidate,original_terminology_annotation,yes_after_native_and_theological_review,yes_after_native_and_theological_review,needs_native_and_theological_review,0.55,
L00191,C0105,S00191,V0084,samehe,forgive,samehe,forgive,religion,Kenya,religious / conversational / code-switched,Sheng AI Bible terminology candidate set,project_curated_candidate,original_terminology_annotation,yes_after_native_and_theological_review,yes_after_native_and_theological_review,needs_native_and_theological_review,0.55,
L00192,C0105,S00192,V0084,forgive,forgive,samehe,forgive,religion,Kenya,religious / conversational / code-switched,Sheng AI Bible terminology candidate set,project_curated_candidate,original_terminology_annotation,yes_after_native_and_theological_review,yes_after_native_and_theological_review,needs_native_and_theological_review,0.55,
L00193,C0106,S00193,V0085,msamaha,forgiveness,msamaha,forgiveness,religion,Kenya,religious / conversational / code-switched,Sheng AI Bible terminology candidate set,project_curated_candidate,original_terminology_annotation,yes_after_native_and_theological_review,yes_after_native_and_theological_review,needs_native_and_theological_review,0.55,
L00194,C0106,S00194,V0085,forgiveness,forgiveness,msamaha,forgiveness,religion,Kenya,religious / conversational / code-switched,Sheng AI Bible terminology candidate set,project_curated_candidate,original_terminology_annotation,yes_after_native_and_theological_review,yes_after_native_and_theological_review,needs_native_and_theological_review,0.55,
L00195,C0107,S00195,V0086,okoa,save,okoa,save,religion,Kenya,religious / conversational / code-switched,Sheng AI Bible terminology candidate set,project_curated_candidate,original_terminology_annotation,yes_after_native_and_theological_review,yes_after_native_and_theological_review,needs_native_and_theological_review,0.55,Religious salvation sense; keep separate from ordinary rescue/save senses.
L00196,C0107,S00196,V0086,save,save,okoa,save,religion,Kenya,religious / conversational / code-switched,Sheng AI Bible terminology candidate set,project_curated_candidate,original_terminology_annotation,yes_after_native_and_theological_review,yes_after_native_and_theological_review,needs_native_and_theological_review,0.55,Religious salvation sense; keep separate from ordinary rescue/save senses.
L00197,C0108,S00197,V0087,wokovu,salvation,wokovu,salvation,religion,Kenya,religious / conversational / code-switched,Sheng AI Bible terminology candidate set,project_curated_candidate,original_terminology_annotation,yes_after_native_and_theological_review,yes_after_native_and_theological_review,needs_native_and_theological_review,0.55,
L00198,C0108,S00198,V0087,salvation,salvation,wokovu,salvation,religion,Kenya,religious / conversational / code-switched,Sheng AI Bible terminology candidate set,project_curated_candidate,original_terminology_annotation,yes_after_native_and_theological_review,yes_after_native_and_theological_review,needs_native_and_theological_review,0.55,
L00199,C0109,S00199,V0088,komboa,redeem,komboa,redeem,religion,Kenya,religious / conversational / code-switched,Sheng AI Bible terminology candidate set,project_curated_candidate,original_terminology_annotation,yes_after_native_and_theological_review,yes_after_native_and_theological_review,needs_native_and_theological_review,0.55,
L00200,C0109,S00200,V0088,redeem,redeem,komboa,redeem,religion,Kenya,religious / conversational / code-switched,Sheng AI Bible terminology candidate set,project_curated_candidate,original_terminology_annotation,yes_after_native_and_theological_review,yes_after_native_and_theological_review,needs_native_and_theological_review,0.55,
L00201,C0110,S00201,V0089,ukombozi,redemption,ukombozi,redemption,religion,Kenya,religious / conversational / code-switched,Sheng AI Bible terminology candidate set,project_curated_candidate,original_terminology_annotation,yes_after_native_and_theological_review,yes_after_native_and_theological_review,needs_native_and_theological_review,0.55,
L00202,C0110,S00202,V0089,redemption,redemption,ukombozi,redemption,religion,Kenya,religious / conversational / code-switched,Sheng AI Bible terminology candidate set,project_curated_candidate,original_terminology_annotation,yes_after_native_and_theological_review,yes_after_native_and_theological_review,needs_native_and_theological_review,0.55,
L00203,C0111,S00203,V0090,Yesu,Jesus,Yesu,Jesus,religion,Kenya,religious / conversational / code-switched,Sheng AI Bible terminology candidate set,project_curated_candidate,original_terminology_annotation,yes_after_native_and_theological_review,yes_after_native_and_theological_review,needs_native_and_theological_review,0.55,
L00204,C0111,S00204,V0090,Jesus,Jesus,Yesu,Jesus,religion,Kenya,religious / conversational / code-switched,Sheng AI Bible terminology candidate set,project_curated_candidate,original_terminology_annotation,yes_after_native_and_theological_review,yes_after_native_and_theological_review,needs_native_and_theological_review,0.55,
L00205,C0112,S00205,V0091,Kristo,Christ,Kristo,Christ,religion,Kenya,religious / conversational / code-switched,Sheng AI Bible terminology candidate set,project_curated_candidate,original_terminology_annotation,yes_after_native_and_theological_review,yes_after_native_and_theological_review,needs_native_and_theological_review,0.55,
L00206,C0112,S00206,V0091,Christ,Christ,Kristo,Christ,religion,Kenya,religious / conversational / code-switched,Sheng AI Bible terminology candidate set,project_curated_candidate,original_terminology_annotation,yes_after_native_and_theological_review,yes_after_native_and_theological_review,needs_native_and_theological_review,0.55,
L00207,C0113,S00207,V0092,Masihi,Messiah,Masihi,Messiah,religion,Kenya,religious / conversational / code-switched,Sheng AI Bible terminology candidate set,project_curated_candidate,original_terminology_annotation,yes_after_native_and_theological_review,yes_after_native_and_theological_review,needs_native_and_theological_review,0.55,
L00208,C0113,S00208,V0092,Messiah,Messiah,Masihi,Messiah,religion,Kenya,religious / conversational / code-switched,Sheng AI Bible terminology candidate set,project_curated_candidate,original_terminology_annotation,yes_after_native_and_theological_review,yes_after_native_and_theological_review,needs_native_and_theological_review,0.55,
L00209,C0114,S00209,V0093,Roho Mtakatifu,Holy Spirit,Roho Mtakatifu,Holy Spirit,religion,Kenya,religious / conversational / code-switched,Sheng AI Bible terminology candidate set,project_curated_candidate,original_terminology_annotation,yes_after_native_and_theological_review,yes_after_native_and_theological_review,needs_native_and_theological_review,0.55,
L00210,C0114,S00210,V0093,Holy Spirit,Holy Spirit,Roho Mtakatifu,Holy Spirit,religion,Kenya,religious / conversational / code-switched,Sheng AI Bible terminology candidate set,project_curated_candidate,original_terminology_annotation,yes_after_native_and_theological_review,yes_after_native_and_theological_review,needs_native_and_theological_review,0.55,
L00211,C0115,S00211,V0094,roho,Spirit,roho,spirit,religion,Kenya,religious / conversational / code-switched,Sheng AI Bible terminology candidate set,project_curated_candidate,original_terminology_annotation,yes_after_native_and_theological_review,yes_after_native_and_theological_review,needs_native_and_theological_review,0.55,May have non-religious senses; future polysemy rows recommended.
L00212,C0115,S00212,V0094,spirit,Spirit,roho,spirit,religion,Kenya,religious / conversational / code-switched,Sheng AI Bible terminology candidate set,project_curated_candidate,original_terminology_annotation,yes_after_native_and_theological_review,yes_after_native_and_theological_review,needs_native_and_theological_review,0.55,May have non-religious senses; future polysemy rows recommended.
L00213,C0116,S00213,V0095,kanisa,church,kanisa,church,religion,Kenya,religious / conversational / code-switched,Sheng AI Bible terminology candidate set,project_curated_candidate,original_terminology_annotation,yes_after_native_and_theological_review,yes_after_native_and_theological_review,needs_native_and_theological_review,0.55,
L00214,C0116,S00214,V0095,church,church,kanisa,church,religion,Kenya,religious / conversational / code-switched,Sheng AI Bible terminology candidate set,project_curated_candidate,original_terminology_annotation,yes_after_native_and_theological_review,yes_after_native_and_theological_review,needs_native_and_theological_review,0.55,
L00215,C0117,S00215,V0096,Biblia,Bible,Biblia,Bible,religion,Kenya,religious / conversational / code-switched,Sheng AI Bible terminology candidate set,project_curated_candidate,original_terminology_annotation,yes_after_native_and_theological_review,yes_after_native_and_theological_review,needs_native_and_theological_review,0.55,
L00216,C0117,S00216,V0096,Bible,Bible,Biblia,Bible,religion,Kenya,religious / conversational / code-switched,Sheng AI Bible terminology candidate set,project_curated_candidate,original_terminology_annotation,yes_after_native_and_theological_review,yes_after_native_and_theological_review,needs_native_and_theological_review,0.55,
L00217,C0118,S00217,V0097,Maandiko,Scripture,Maandiko,Scripture,religion,Kenya,religious / conversational / code-switched,Sheng AI Bible terminology candidate set,project_curated_candidate,original_terminology_annotation,yes_after_native_and_theological_review,yes_after_native_and_theological_review,needs_native_and_theological_review,0.55,
L00218,C0118,S00218,V0097,Scripture,Scripture,Maandiko,Scripture,religion,Kenya,religious / conversational / code-switched,Sheng AI Bible terminology candidate set,project_curated_candidate,original_terminology_annotation,yes_after_native_and_theological_review,yes_after_native_and_theological_review,needs_native_and_theological_review,0.55,
L00219,C0119,S00219,V0098,injili,gospel,injili,gospel,religion,Kenya,religious / conversational / code-switched,Sheng AI Bible terminology candidate set,project_curated_candidate,original_terminology_annotation,yes_after_native_and_theological_review,yes_after_native_and_theological_review,needs_native_and_theological_review,0.55,
L00220,C0119,S00220,V0098,gospel,gospel,injili,gospel,religion,Kenya,religious / conversational / code-switched,Sheng AI Bible terminology candidate set,project_curated_candidate,original_terminology_annotation,yes_after_native_and_theological_review,yes_after_native_and_theological_review,needs_native_and_theological_review,0.55,
L00221,C0120,S00221,V0099,habari njema,good news,habari njema,good news,religion,Kenya,religious / conversational / code-switched,Sheng AI Bible terminology candidate set,project_curated_candidate,original_terminology_annotation,yes_after_native_and_theological_review,yes_after_native_and_theological_review,needs_native_and_theological_review,0.55,
L00222,C0120,S00222,V0099,good news,good news,habari njema,good news,religion,Kenya,religious / conversational / code-switched,Sheng AI Bible terminology candidate set,project_curated_candidate,original_terminology_annotation,yes_after_native_and_theological_review,yes_after_native_and_theological_review,needs_native_and_theological_review,0.55,
L00223,C0121,S00223,V0100,abudu,worship,abudu/ibada,worship,religion,Kenya,religious / conversational / code-switched,Sheng AI Bible terminology candidate set,project_curated_candidate,original_terminology_annotation,yes_after_native_and_theological_review,yes_after_native_and_theological_review,needs_native_and_theological_review,0.55,
L00224,C0121,S00224,V0100,ibada,worship,abudu/ibada,worship,religion,Kenya,religious / conversational / code-switched,Sheng AI Bible terminology candidate set,project_curated_candidate,original_terminology_annotation,yes_after_native_and_theological_review,yes_after_native_and_theological_review,needs_native_and_theological_review,0.55,
L00225,C0121,S00225,V0100,worship,worship,abudu/ibada,worship,religion,Kenya,religious / conversational / code-switched,Sheng AI Bible terminology candidate set,project_curated_candidate,original_terminology_annotation,yes_after_native_and_theological_review,yes_after_native_and_theological_review,needs_native_and_theological_review,0.55,
L00226,C0122,S00226,V0101,sifu,praise,sifu/sifa,praise,religion,Kenya,religious / conversational / code-switched,Sheng AI Bible terminology candidate set,project_curated_candidate,original_terminology_annotation,yes_after_native_and_theological_review,yes_after_native_and_theological_review,needs_native_and_theological_review,0.55,
L00227,C0122,S00227,V0101,sifa,praise,sifu/sifa,praise,religion,Kenya,religious / conversational / code-switched,Sheng AI Bible terminology candidate set,project_curated_candidate,original_terminology_annotation,yes_after_native_and_theological_review,yes_after_native_and_theological_review,needs_native_and_theological_review,0.55,
L00228,C0122,S00228,V0101,praise,praise,sifu/sifa,praise,religion,Kenya,religious / conversational / code-switched,Sheng AI Bible terminology candidate set,project_curated_candidate,original_terminology_annotation,yes_after_native_and_theological_review,yes_after_native_and_theological_review,needs_native_and_theological_review,0.55,
L00229,C0123,S00229,V0102,bariki,bless,bariki,bless,religion,Kenya,religious / conversational / code-switched,Sheng AI Bible terminology candidate set,project_curated_candidate,original_terminology_annotation,yes_after_native_and_theological_review,yes_after_native_and_theological_review,needs_native_and_theological_review,0.55,
L00230,C0123,S00230,V0102,bless,bless,bariki,bless,religion,Kenya,religious / conversational / code-switched,Sheng AI Bible terminology candidate set,project_curated_candidate,original_terminology_annotation,yes_after_native_and_theological_review,yes_after_native_and_theological_review,needs_native_and_theological_review,0.55,
L00231,C0124,S00231,V0103,baraka,blessing,baraka,blessing,religion,Kenya,religious / conversational / code-switched,Sheng AI Bible terminology candidate set,project_curated_candidate,original_terminology_annotation,yes_after_native_and_theological_review,yes_after_native_and_theological_review,needs_native_and_theological_review,0.55,
L00232,C0124,S00232,V0103,blessing,blessing,baraka,blessing,religion,Kenya,religious / conversational / code-switched,Sheng AI Bible terminology candidate set,project_curated_candidate,original_terminology_annotation,yes_after_native_and_theological_review,yes_after_native_and_theological_review,needs_native_and_theological_review,0.55,
L00233,C0125,S00233,V0104,mbingu,heaven,mbingu,heaven,religion,Kenya,religious / conversational / code-switched,Sheng AI Bible terminology candidate set,project_curated_candidate,original_terminology_annotation,yes_after_native_and_theological_review,yes_after_native_and_theological_review,needs_native_and_theological_review,0.55,
L00234,C0125,S00234,V0104,heaven,heaven,mbingu,heaven,religion,Kenya,religious / conversational / code-switched,Sheng AI Bible terminology candidate set,project_curated_candidate,original_terminology_annotation,yes_after_native_and_theological_review,yes_after_native_and_theological_review,needs_native_and_theological_review,0.55,
L00235,C0126,S00235,V0105,jehanamu,hell,jehanamu,hell,religion,Kenya,religious / conversational / code-switched,Sheng AI Bible terminology candidate set,project_curated_candidate,original_terminology_annotation,yes_after_native_and_theological_review,yes_after_native_and_theological_review,needs_native_and_theological_review,0.55,
L00236,C0126,S00236,V0105,hell,hell,jehanamu,hell,religion,Kenya,religious / conversational / code-switched,Sheng AI Bible terminology candidate set,project_curated_candidate,original_terminology_annotation,yes_after_native_and_theological_review,yes_after_native_and_theological_review,needs_native_and_theological_review,0.55,
L00237,C0127,S00237,V0106,malaika,angel,malaika,angel,religion,Kenya,religious / conversational / code-switched,Sheng AI Bible terminology candidate set,project_curated_candidate,original_terminology_annotation,yes_after_native_and_theological_review,yes_after_native_and_theological_review,needs_native_and_theological_review,0.55,
L00238,C0127,S00238,V0106,angel,angel,malaika,angel,religion,Kenya,religious / conversational / code-switched,Sheng AI Bible terminology candidate set,project_curated_candidate,original_terminology_annotation,yes_after_native_and_theological_review,yes_after_native_and_theological_review,needs_native_and_theological_review,0.55,
L00239,C0128,S00239,V0107,shetani,devil,shetani,devil,religion,Kenya,religious / conversational / code-switched,Sheng AI Bible terminology candidate set,project_curated_candidate,original_terminology_annotation,yes_after_native_and_theological_review,yes_after_native_and_theological_review,needs_native_and_theological_review,0.55,
L00240,C0128,S00240,V0107,devil,devil,shetani,devil,religion,Kenya,religious / conversational / code-switched,Sheng AI Bible terminology candidate set,project_curated_candidate,original_terminology_annotation,yes_after_native_and_theological_review,yes_after_native_and_theological_review,needs_native_and_theological_review,0.55,
L00241,C0129,S00241,V0108,Shetani,Satan,Shetani,Satan,religion,Kenya,religious / conversational / code-switched,Sheng AI Bible terminology candidate set,project_curated_candidate,original_terminology_annotation,yes_after_native_and_theological_review,yes_after_native_and_theological_review,needs_native_and_theological_review,0.55,
L00242,C0129,S00242,V0108,Satan,Satan,Shetani,Satan,religion,Kenya,religious / conversational / code-switched,Sheng AI Bible terminology candidate set,project_curated_candidate,original_terminology_annotation,yes_after_native_and_theological_review,yes_after_native_and_theological_review,needs_native_and_theological_review,0.55,
L00243,C0130,S00243,V0109,pepo,demon,pepo,demon,religion,Kenya,religious / conversational / code-switched,Sheng AI Bible terminology candidate set,project_curated_candidate,original_terminology_annotation,yes_after_native_and_theological_review,yes_after_native_and_theological_review,needs_native_and_theological_review,0.55,Polysemy/context review needed; 'pepo' can have broader meanings.
L00244,C0130,S00244,V0109,demon,demon,pepo,demon,religion,Kenya,religious / conversational / code-switched,Sheng AI Bible terminology candidate set,project_curated_candidate,original_terminology_annotation,yes_after_native_and_theological_review,yes_after_native_and_theological_review,needs_native_and_theological_review,0.55,Polysemy/context review needed; 'pepo' can have broader meanings.
L00245,C0131,S00245,V0110,nabii,prophet,nabii,prophet,religion,Kenya,religious / conversational / code-switched,Sheng AI Bible terminology candidate set,project_curated_candidate,original_terminology_annotation,yes_after_native_and_theological_review,yes_after_native_and_theological_review,needs_native_and_theological_review,0.55,
L00246,C0131,S00246,V0110,prophet,prophet,nabii,prophet,religion,Kenya,religious / conversational / code-switched,Sheng AI Bible terminology candidate set,project_curated_candidate,original_terminology_annotation,yes_after_native_and_theological_review,yes_after_native_and_theological_review,needs_native_and_theological_review,0.55,
L00247,C0132,S00247,V0111,mwanafunzi,disciple,mwanafunzi,disciple,religion,Kenya,religious / conversational / code-switched,Sheng AI Bible terminology candidate set,project_curated_candidate,original_terminology_annotation,yes_after_native_and_theological_review,yes_after_native_and_theological_review,needs_native_and_theological_review,0.55,Keep distinct from general 'student' sense in future sense-tagging.
L00248,C0132,S00248,V0111,disciple,disciple,mwanafunzi,disciple,religion,Kenya,religious / conversational / code-switched,Sheng AI Bible terminology candidate set,project_curated_candidate,original_terminology_annotation,yes_after_native_and_theological_review,yes_after_native_and_theological_review,needs_native_and_theological_review,0.55,Keep distinct from general 'student' sense in future sense-tagging.
L00249,C0133,S00249,V0112,mtume,apostle,mtume,apostle,religion,Kenya,religious / conversational / code-switched,Sheng AI Bible terminology candidate set,project_curated_candidate,original_terminology_annotation,yes_after_native_and_theological_review,yes_after_native_and_theological_review,needs_native_and_theological_review,0.55,
L00250,C0133,S00250,V0112,apostle,apostle,mtume,apostle,religion,Kenya,religious / conversational / code-switched,Sheng AI Bible terminology candidate set,project_curated_candidate,original_terminology_annotation,yes_after_native_and_theological_review,yes_after_native_and_theological_review,needs_native_and_theological_review,0.55,
L00251,C0134,S00251,V0113,mchungaji,pastor,mchungaji,pastor,religion,Kenya,religious / conversational / code-switched,Sheng AI Bible terminology candidate set,project_curated_candidate,original_terminology_annotation,yes_after_native_and_theological_review,yes_after_native_and_theological_review,needs_native_and_theological_review,0.55,
L00252,C0134,S00252,V0113,pastor,pastor,mchungaji,pastor,religion,Kenya,religious / conversational / code-switched,Sheng AI Bible terminology candidate set,project_curated_candidate,original_terminology_annotation,yes_after_native_and_theological_review,yes_after_native_and_theological_review,needs_native_and_theological_review,0.55,
L00253,C0135,S00253,V0114,kuhani,priest,kuhani,priest,religion,Kenya,religious / conversational / code-switched,Sheng AI Bible terminology candidate set,project_curated_candidate,original_terminology_annotation,yes_after_native_and_theological_review,yes_after_native_and_theological_review,needs_native_and_theological_review,0.55,
L00254,C0135,S00254,V0114,priest,priest,kuhani,priest,religion,Kenya,religious / conversational / code-switched,Sheng AI Bible terminology candidate set,project_curated_candidate,original_terminology_annotation,yes_after_native_and_theological_review,yes_after_native_and_theological_review,needs_native_and_theological_review,0.55,
L00255,C0136,S00255,V0115,ufalme,kingdom,ufalme,kingdom,religion,Kenya,religious / conversational / code-switched,Sheng AI Bible terminology candidate set,project_curated_candidate,original_terminology_annotation,yes_after_native_and_theological_review,yes_after_native_and_theological_review,needs_native_and_theological_review,0.55,
L00256,C0136,S00256,V0115,kingdom,kingdom,ufalme,kingdom,religion,Kenya,religious / conversational / code-switched,Sheng AI Bible terminology candidate set,project_curated_candidate,original_terminology_annotation,yes_after_native_and_theological_review,yes_after_native_and_theological_review,needs_native_and_theological_review,0.55,
L00257,C0137,S00257,V0116,Ufalme wa Mungu,Kingdom of God,Ufalme wa Mungu,Kingdom of God,religion,Kenya,religious / conversational / code-switched,Sheng AI Bible terminology candidate set,project_curated_candidate,original_terminology_annotation,yes_after_native_and_theological_review,yes_after_native_and_theological_review,needs_native_and_theological_review,0.55,
L00258,C0137,S00258,V0116,Kingdom of God,Kingdom of God,Ufalme wa Mungu,Kingdom of God,religion,Kenya,religious / conversational / code-switched,Sheng AI Bible terminology candidate set,project_curated_candidate,original_terminology_annotation,yes_after_native_and_theological_review,yes_after_native_and_theological_review,needs_native_and_theological_review,0.55,
L00259,C0138,S00259,V0117,agano,covenant,agano,covenant,religion,Kenya,religious / conversational / code-switched,Sheng AI Bible terminology candidate set,project_curated_candidate,original_terminology_annotation,yes_after_native_and_theological_review,yes_after_native_and_theological_review,needs_native_and_theological_review,0.55,
L00260,C0138,S00260,V0117,covenant,covenant,agano,covenant,religion,Kenya,religious / conversational / code-switched,Sheng AI Bible terminology candidate set,project_curated_candidate,original_terminology_annotation,yes_after_native_and_theological_review,yes_after_native_and_theological_review,needs_native_and_theological_review,0.55,
L00261,C0139,S00261,V0118,amri,commandment,amri,commandment,religion,Kenya,religious / conversational / code-switched,Sheng AI Bible terminology candidate set,project_curated_candidate,original_terminology_annotation,yes_after_native_and_theological_review,yes_after_native_and_theological_review,needs_native_and_theological_review,0.55,
L00262,C0139,S00262,V0118,commandment,commandment,amri,commandment,religion,Kenya,religious / conversational / code-switched,Sheng AI Bible terminology candidate set,project_curated_candidate,original_terminology_annotation,yes_after_native_and_theological_review,yes_after_native_and_theological_review,needs_native_and_theological_review,0.55,
L00263,C0140,S00263,V0119,sheria,law,sheria,law,religion,Kenya,religious / conversational / code-switched,Sheng AI Bible terminology candidate set,project_curated_candidate,original_terminology_annotation,yes_after_native_and_theological_review,yes_after_native_and_theological_review,needs_native_and_theological_review,0.55,Also ordinary legal sense; future polysemy row recommended.
L00264,C0140,S00264,V0119,law,law,sheria,law,religion,Kenya,religious / conversational / code-switched,Sheng AI Bible terminology candidate set,project_curated_candidate,original_terminology_annotation,yes_after_native_and_theological_review,yes_after_native_and_theological_review,needs_native_and_theological_review,0.55,Also ordinary legal sense; future polysemy row recommended.
L00265,C0141,S00265,V0120,kweli,truth,kweli,truth,religion,Kenya,religious / conversational / code-switched,Sheng AI Bible terminology candidate set,project_curated_candidate,original_terminology_annotation,yes_after_native_and_theological_review,yes_after_native_and_theological_review,needs_native_and_theological_review,0.55,
L00266,C0141,S00266,V0120,truth,truth,kweli,truth,religion,Kenya,religious / conversational / code-switched,Sheng AI Bible terminology candidate set,project_curated_candidate,original_terminology_annotation,yes_after_native_and_theological_review,yes_after_native_and_theological_review,needs_native_and_theological_review,0.55,
L00267,C0142,S00267,V0121,nuru,light,nuru,light,religion,Kenya,religious / conversational / code-switched,Sheng AI Bible terminology candidate set,project_curated_candidate,original_terminology_annotation,yes_after_native_and_theological_review,yes_after_native_and_theological_review,needs_native_and_theological_review,0.55,Also physical light sense; future polysemy row recommended.
L00268,C0142,S00268,V0121,light,light,nuru,light,religion,Kenya,religious / conversational / code-switched,Sheng AI Bible terminology candidate set,project_curated_candidate,original_terminology_annotation,yes_after_native_and_theological_review,yes_after_native_and_theological_review,needs_native_and_theological_review,0.55,Also physical light sense; future polysemy row recommended.
L00269,C0143,S00269,V0122,giza,darkness,giza,darkness,religion,Kenya,religious / conversational / code-switched,Sheng AI Bible terminology candidate set,project_curated_candidate,original_terminology_annotation,yes_after_native_and_theological_review,yes_after_native_and_theological_review,needs_native_and_theological_review,0.55,Also ordinary physical darkness sense.
L00270,C0143,S00270,V0122,darkness,darkness,giza,darkness,religion,Kenya,religious / conversational / code-switched,Sheng AI Bible terminology candidate set,project_curated_candidate,original_terminology_annotation,yes_after_native_and_theological_review,yes_after_native_and_theological_review,needs_native_and_theological_review,0.55,Also ordinary physical darkness sense.
L00271,C0144,S00271,V0123,uzima,life,uzima/maisha,life,religion,Kenya,religious / conversational / code-switched,Sheng AI Bible terminology candidate set,project_curated_candidate,original_terminology_annotation,yes_after_native_and_theological_review,yes_after_native_and_theological_review,needs_native_and_theological_review,0.55,Multiple theological/general senses.
L00272,C0144,S00272,V0123,maisha,life,uzima/maisha,life,religion,Kenya,religious / conversational / code-switched,Sheng AI Bible terminology candidate set,project_curated_candidate,original_terminology_annotation,yes_after_native_and_theological_review,yes_after_native_and_theological_review,needs_native_and_theological_review,0.55,Multiple theological/general senses.
L00273,C0144,S00273,V0123,life,life,uzima/maisha,life,religion,Kenya,religious / conversational / code-switched,Sheng AI Bible terminology candidate set,project_curated_candidate,original_terminology_annotation,yes_after_native_and_theological_review,yes_after_native_and_theological_review,needs_native_and_theological_review,0.55,Multiple theological/general senses.
L00274,C0145,S00274,V0124,kifo,death,kifo,death,religion,Kenya,religious / conversational / code-switched,Sheng AI Bible terminology candidate set,project_curated_candidate,original_terminology_annotation,yes_after_native_and_theological_review,yes_after_native_and_theological_review,needs_native_and_theological_review,0.55,
L00275,C0145,S00275,V0124,death,death,kifo,death,religion,Kenya,religious / conversational / code-switched,Sheng AI Bible terminology candidate set,project_curated_candidate,original_terminology_annotation,yes_after_native_and_theological_review,yes_after_native_and_theological_review,needs_native_and_theological_review,0.55,
L00276,C0146,S00276,V0125,uzima wa milele,eternal life,uzima wa milele,eternal life,religion,Kenya,religious / conversational / code-switched,Sheng AI Bible terminology candidate set,project_curated_candidate,original_terminology_annotation,yes_after_native_and_theological_review,yes_after_native_and_theological_review,needs_native_and_theological_review,0.55,
L00277,C0146,S00277,V0125,eternal life,eternal life,uzima wa milele,eternal life,religion,Kenya,religious / conversational / code-switched,Sheng AI Bible terminology candidate set,project_curated_candidate,original_terminology_annotation,yes_after_native_and_theological_review,yes_after_native_and_theological_review,needs_native_and_theological_review,0.55,
L00278,C0147,S00278,V0126,ufufuo,resurrection,ufufuo,resurrection,religion,Kenya,religious / conversational / code-switched,Sheng AI Bible terminology candidate set,project_curated_candidate,original_terminology_annotation,yes_after_native_and_theological_review,yes_after_native_and_theological_review,needs_native_and_theological_review,0.55,
L00279,C0147,S00279,V0126,resurrection,resurrection,ufufuo,resurrection,religion,Kenya,religious / conversational / code-switched,Sheng AI Bible terminology candidate set,project_curated_candidate,original_terminology_annotation,yes_after_native_and_theological_review,yes_after_native_and_theological_review,needs_native_and_theological_review,0.55,
L00280,C0148,S00280,V0127,fufuka,rise again,fufuka,rise again,religion,Kenya,religious / conversational / code-switched,Sheng AI Bible terminology candidate set,project_curated_candidate,original_terminology_annotation,yes_after_native_and_theological_review,yes_after_native_and_theological_review,needs_native_and_theological_review,0.55,
L00281,C0148,S00281,V0127,rise again,rise again,fufuka,rise again,religion,Kenya,religious / conversational / code-switched,Sheng AI Bible terminology candidate set,project_curated_candidate,original_terminology_annotation,yes_after_native_and_theological_review,yes_after_native_and_theological_review,needs_native_and_theological_review,0.55,
L00282,C0149,S00282,V0128,msalaba,cross,msalaba,cross,religion,Kenya,religious / conversational / code-switched,Sheng AI Bible terminology candidate set,project_curated_candidate,original_terminology_annotation,yes_after_native_and_theological_review,yes_after_native_and_theological_review,needs_native_and_theological_review,0.55,
L00283,C0149,S00283,V0128,cross,cross,msalaba,cross,religion,Kenya,religious / conversational / code-switched,Sheng AI Bible terminology candidate set,project_curated_candidate,original_terminology_annotation,yes_after_native_and_theological_review,yes_after_native_and_theological_review,needs_native_and_theological_review,0.55,
L00284,C0150,S00284,V0129,sulubisha,crucify,sulubisha,crucify,religion,Kenya,religious / conversational / code-switched,Sheng AI Bible terminology candidate set,project_curated_candidate,original_terminology_annotation,yes_after_native_and_theological_review,yes_after_native_and_theological_review,needs_native_and_theological_review,0.55,
L00285,C0150,S00285,V0129,crucify,crucify,sulubisha,crucify,religion,Kenya,religious / conversational / code-switched,Sheng AI Bible terminology candidate set,project_curated_candidate,original_terminology_annotation,yes_after_native_and_theological_review,yes_after_native_and_theological_review,needs_native_and_theological_review,0.55,
L00286,C0151,S00286,V0130,batiza,baptize,batiza,baptize,religion,Kenya,religious / conversational / code-switched,Sheng AI Bible terminology candidate set,project_curated_candidate,original_terminology_annotation,yes_after_native_and_theological_review,yes_after_native_and_theological_review,needs_native_and_theological_review,0.55,
L00287,C0151,S00287,V0130,baptize,baptize,batiza,baptize,religion,Kenya,religious / conversational / code-switched,Sheng AI Bible terminology candidate set,project_curated_candidate,original_terminology_annotation,yes_after_native_and_theological_review,yes_after_native_and_theological_review,needs_native_and_theological_review,0.55,
L00288,C0152,S00288,V0131,ubatizo,baptism,ubatizo,baptism,religion,Kenya,religious / conversational / code-switched,Sheng AI Bible terminology candidate set,project_curated_candidate,original_terminology_annotation,yes_after_native_and_theological_review,yes_after_native_and_theological_review,needs_native_and_theological_review,0.55,
L00289,C0152,S00289,V0131,baptism,baptism,ubatizo,baptism,religion,Kenya,religious / conversational / code-switched,Sheng AI Bible terminology candidate set,project_curated_candidate,original_terminology_annotation,yes_after_native_and_theological_review,yes_after_native_and_theological_review,needs_native_and_theological_review,0.55,
L00290,C0153,S00290,V0132,tubu,repent,tubu,repent,religion,Kenya,religious / conversational / code-switched,Sheng AI Bible terminology candidate set,project_curated_candidate,original_terminology_annotation,yes_after_native_and_theological_review,yes_after_native_and_theological_review,needs_native_and_theological_review,0.55,
L00291,C0153,S00291,V0132,repent,repent,tubu,repent,religion,Kenya,religious / conversational / code-switched,Sheng AI Bible terminology candidate set,project_curated_candidate,original_terminology_annotation,yes_after_native_and_theological_review,yes_after_native_and_theological_review,needs_native_and_theological_review,0.55,
L00292,C0154,S00292,V0133,toba,repentance,toba,repentance,religion,Kenya,religious / conversational / code-switched,Sheng AI Bible terminology candidate set,project_curated_candidate,original_terminology_annotation,yes_after_native_and_theological_review,yes_after_native_and_theological_review,needs_native_and_theological_review,0.55,
L00293,C0154,S00293,V0133,repentance,repentance,toba,repentance,religion,Kenya,religious / conversational / code-switched,Sheng AI Bible terminology candidate set,project_curated_candidate,original_terminology_annotation,yes_after_native_and_theological_review,yes_after_native_and_theological_review,needs_native_and_theological_review,0.55,
L00294,C0155,S00294,V0134,jaribu,temptation,jaribu,temptation,religion,Kenya,religious / conversational / code-switched,Sheng AI Bible terminology candidate set,project_curated_candidate,original_terminology_annotation,yes_after_native_and_theological_review,yes_after_native_and_theological_review,needs_native_and_theological_review,0.55,Also general trial/attempt senses; future polysemy needed.
L00295,C0155,S00295,V0134,temptation,temptation,jaribu,temptation,religion,Kenya,religious / conversational / code-switched,Sheng AI Bible terminology candidate set,project_curated_candidate,original_terminology_annotation,yes_after_native_and_theological_review,yes_after_native_and_theological_review,needs_native_and_theological_review,0.55,Also general trial/attempt senses; future polysemy needed.
L00296,C0156,S00296,V0135,jaribu,tempt,jaribu,tempt,religion,Kenya,religious / conversational / code-switched,Sheng AI Bible terminology candidate set,project_curated_candidate,original_terminology_annotation,yes_after_native_and_theological_review,yes_after_native_and_theological_review,needs_native_and_theological_review,0.55,Same surface as trial/test in Swahili; semantic disambiguation required.
L00297,C0156,S00297,V0135,tempt,tempt,jaribu,tempt,religion,Kenya,religious / conversational / code-switched,Sheng AI Bible terminology candidate set,project_curated_candidate,original_terminology_annotation,yes_after_native_and_theological_review,yes_after_native_and_theological_review,needs_native_and_theological_review,0.55,Same surface as trial/test in Swahili; semantic disambiguation required.
L00298,C0157,S00298,V0136,jaribu,trial,jaribu,trial/test,religion,Kenya,religious / conversational / code-switched,Sheng AI Bible terminology candidate set,project_curated_candidate,original_terminology_annotation,yes_after_native_and_theological_review,yes_after_native_and_theological_review,needs_native_and_theological_review,0.55,Intentionally separate sense from temptation.
L00299,C0157,S00299,V0136,trial,trial,jaribu,trial/test,religion,Kenya,religious / conversational / code-switched,Sheng AI Bible terminology candidate set,project_curated_candidate,original_terminology_annotation,yes_after_native_and_theological_review,yes_after_native_and_theological_review,needs_native_and_theological_review,0.55,Intentionally separate sense from temptation.
L00300,C0157,S00300,V0136,test,trial,jaribu,trial/test,religion,Kenya,religious / conversational / code-switched,Sheng AI Bible terminology candidate set,project_curated_candidate,original_terminology_annotation,yes_after_native_and_theological_review,yes_after_native_and_theological_review,needs_native_and_theological_review,0.55,Intentionally separate sense from temptation.
L00301,C0158,S00301,V0137,muujiza,miracle,muujiza,miracle,religion,Kenya,religious / conversational / code-switched,Sheng AI Bible terminology candidate set,project_curated_candidate,original_terminology_annotation,yes_after_native_and_theological_review,yes_after_native_and_theological_review,needs_native_and_theological_review,0.55,
L00302,C0158,S00302,V0137,miracle,miracle,muujiza,miracle,religion,Kenya,religious / conversational / code-switched,Sheng AI Bible terminology candidate set,project_curated_candidate,original_terminology_annotation,yes_after_native_and_theological_review,yes_after_native_and_theological_review,needs_native_and_theological_review,0.55,
L00303,C0159,S00303,V0138,ponya,heal,ponya,heal,religion,Kenya,religious / conversational / code-switched,Sheng AI Bible terminology candidate set,project_curated_candidate,original_terminology_annotation,yes_after_native_and_theological_review,yes_after_native_and_theological_review,needs_native_and_theological_review,0.55,
L00304,C0159,S00304,V0138,heal,heal,ponya,heal,religion,Kenya,religious / conversational / code-switched,Sheng AI Bible terminology candidate set,project_curated_candidate,original_terminology_annotation,yes_after_native_and_theological_review,yes_after_native_and_theological_review,needs_native_and_theological_review,0.55,
L00305,C0160,S00305,V0139,uponyaji,healing,uponyaji,healing,religion,Kenya,religious / conversational / code-switched,Sheng AI Bible terminology candidate set,project_curated_candidate,original_terminology_annotation,yes_after_native_and_theological_review,yes_after_native_and_theological_review,needs_native_and_theological_review,0.55,
L00306,C0160,S00306,V0139,healing,healing,uponyaji,healing,religion,Kenya,religious / conversational / code-switched,Sheng AI Bible terminology candidate set,project_curated_candidate,original_terminology_annotation,yes_after_native_and_theological_review,yes_after_native_and_theological_review,needs_native_and_theological_review,0.55,
L00307,C0161,S00307,V0140,upendo,love,upendo,love,religion,Kenya,religious / conversational / code-switched,Sheng AI Bible terminology candidate set,project_curated_candidate,original_terminology_annotation,yes_after_native_and_theological_review,yes_after_native_and_theological_review,needs_native_and_theological_review,0.55,General and theological senses may diverge.
L00308,C0161,S00308,V0140,love,love,upendo,love,religion,Kenya,religious / conversational / code-switched,Sheng AI Bible terminology candidate set,project_curated_candidate,original_terminology_annotation,yes_after_native_and_theological_review,yes_after_native_and_theological_review,needs_native_and_theological_review,0.55,General and theological senses may diverge.
L00309,C0162,S00309,V0141,jirani,neighbor,jirani,neighbor,religion,Kenya,religious / conversational / code-switched,Sheng AI Bible terminology candidate set,project_curated_candidate,original_terminology_annotation,yes_after_native_and_theological_review,yes_after_native_and_theological_review,needs_native_and_theological_review,0.55,
L00310,C0162,S00310,V0141,neighbor,neighbor,jirani,neighbor,religion,Kenya,religious / conversational / code-switched,Sheng AI Bible terminology candidate set,project_curated_candidate,original_terminology_annotation,yes_after_native_and_theological_review,yes_after_native_and_theological_review,needs_native_and_theological_review,0.55,
L00311,C0163,S00311,V0142,adui,enemy,adui,enemy,religion,Kenya,religious / conversational / code-switched,Sheng AI Bible terminology candidate set,project_curated_candidate,original_terminology_annotation,yes_after_native_and_theological_review,yes_after_native_and_theological_review,needs_native_and_theological_review,0.55,
L00312,C0163,S00312,V0142,enemy,enemy,adui,enemy,religion,Kenya,religious / conversational / code-switched,Sheng AI Bible terminology candidate set,project_curated_candidate,original_terminology_annotation,yes_after_native_and_theological_review,yes_after_native_and_theological_review,needs_native_and_theological_review,0.55,
L00313,C0164,S00313,V0143,amani,peace,amani,peace,religion,Kenya,religious / conversational / code-switched,Sheng AI Bible terminology candidate set,project_curated_candidate,original_terminology_annotation,yes_after_native_and_theological_review,yes_after_native_and_theological_review,needs_native_and_theological_review,0.55,
L00314,C0164,S00314,V0143,peace,peace,amani,peace,religion,Kenya,religious / conversational / code-switched,Sheng AI Bible terminology candidate set,project_curated_candidate,original_terminology_annotation,yes_after_native_and_theological_review,yes_after_native_and_theological_review,needs_native_and_theological_review,0.55,
L00315,C0165,S00315,V0144,furaha,joy,furaha,joy,religion,Kenya,religious / conversational / code-switched,Sheng AI Bible terminology candidate set,project_curated_candidate,original_terminology_annotation,yes_after_native_and_theological_review,yes_after_native_and_theological_review,needs_native_and_theological_review,0.55,
L00316,C0165,S00316,V0144,joy,joy,furaha,joy,religion,Kenya,religious / conversational / code-switched,Sheng AI Bible terminology candidate set,project_curated_candidate,original_terminology_annotation,yes_after_native_and_theological_review,yes_after_native_and_theological_review,needs_native_and_theological_review,0.55,
L00317,C0166,S00317,V0145,tumaini,hope,tumaini,hope,religion,Kenya,religious / conversational / code-switched,Sheng AI Bible terminology candidate set,project_curated_candidate,original_terminology_annotation,yes_after_native_and_theological_review,yes_after_native_and_theological_review,needs_native_and_theological_review,0.55,
L00318,C0166,S00318,V0145,hope,hope,tumaini,hope,religion,Kenya,religious / conversational / code-switched,Sheng AI Bible terminology candidate set,project_curated_candidate,original_terminology_annotation,yes_after_native_and_theological_review,yes_after_native_and_theological_review,needs_native_and_theological_review,0.55,
L00319,C0167,S00319,V0146,takatifu,holy,takatifu,holy,religion,Kenya,religious / conversational / code-switched,Sheng AI Bible terminology candidate set,project_curated_candidate,original_terminology_annotation,yes_after_native_and_theological_review,yes_after_native_and_theological_review,needs_native_and_theological_review,0.55,
L00320,C0167,S00320,V0146,holy,holy,takatifu,holy,religion,Kenya,religious / conversational / code-switched,Sheng AI Bible terminology candidate set,project_curated_candidate,original_terminology_annotation,yes_after_native_and_theological_review,yes_after_native_and_theological_review,needs_native_and_theological_review,0.55,
L00321,C0168,S00321,V0147,mwenye haki,righteous,mwenye haki,righteous,religion,Kenya,religious / conversational / code-switched,Sheng AI Bible terminology candidate set,project_curated_candidate,original_terminology_annotation,yes_after_native_and_theological_review,yes_after_native_and_theological_review,needs_native_and_theological_review,0.55,
L00322,C0168,S00322,V0147,righteous,righteous,mwenye haki,righteous,religion,Kenya,religious / conversational / code-switched,Sheng AI Bible terminology candidate set,project_curated_candidate,original_terminology_annotation,yes_after_native_and_theological_review,yes_after_native_and_theological_review,needs_native_and_theological_review,0.55,
L00323,C0169,S00323,V0148,haki,righteousness,haki,righteousness,religion,Kenya,religious / conversational / code-switched,Sheng AI Bible terminology candidate set,project_curated_candidate,original_terminology_annotation,yes_after_native_and_theological_review,yes_after_native_and_theological_review,needs_native_and_theological_review,0.55,Also justice/right sense; theological review.
L00324,C0169,S00324,V0148,righteousness,righteousness,haki,righteousness,religion,Kenya,religious / conversational / code-switched,Sheng AI Bible terminology candidate set,project_curated_candidate,original_terminology_annotation,yes_after_native_and_theological_review,yes_after_native_and_theological_review,needs_native_and_theological_review,0.55,Also justice/right sense; theological review.
L00325,C0170,S00325,V0149,haki,justice,haki,justice,religion,Kenya,religious / conversational / code-switched,Sheng AI Bible terminology candidate set,project_curated_candidate,original_terminology_annotation,yes_after_native_and_theological_review,yes_after_native_and_theological_review,needs_native_and_theological_review,0.55,Intentional polysemy with righteousness.
L00326,C0170,S00326,V0149,justice,justice,haki,justice,religion,Kenya,religious / conversational / code-switched,Sheng AI Bible terminology candidate set,project_curated_candidate,original_terminology_annotation,yes_after_native_and_theological_review,yes_after_native_and_theological_review,needs_native_and_theological_review,0.55,Intentional polysemy with righteousness.
L00327,C0171,S00327,V0150,uovu,evil,uovu,evil,religion,Kenya,religious / conversational / code-switched,Sheng AI Bible terminology candidate set,project_curated_candidate,original_terminology_annotation,yes_after_native_and_theological_review,yes_after_native_and_theological_review,needs_native_and_theological_review,0.55,
L00328,C0171,S00328,V0150,evil,evil,uovu,evil,religion,Kenya,religious / conversational / code-switched,Sheng AI Bible terminology candidate set,project_curated_candidate,original_terminology_annotation,yes_after_native_and_theological_review,yes_after_native_and_theological_review,needs_native_and_theological_review,0.55,
L00329,C0172,S00329,V0151,wema,good,wema,good,religion,Kenya,religious / conversational / code-switched,Sheng AI Bible terminology candidate set,project_curated_candidate,original_terminology_annotation,yes_after_native_and_theological_review,yes_after_native_and_theological_review,needs_native_and_theological_review,0.55,
L00330,C0172,S00330,V0151,good,good,wema,good,religion,Kenya,religious / conversational / code-switched,Sheng AI Bible terminology candidate set,project_curated_candidate,original_terminology_annotation,yes_after_native_and_theological_review,yes_after_native_and_theological_review,needs_native_and_theological_review,0.55,
L00331,C0173,S00331,V0152,hekima,wisdom,hekima,wisdom,religion,Kenya,religious / conversational / code-switched,Sheng AI Bible terminology candidate set,project_curated_candidate,original_terminology_annotation,yes_after_native_and_theological_review,yes_after_native_and_theological_review,needs_native_and_theological_review,0.55,
L00332,C0173,S00332,V0152,wisdom,wisdom,hekima,wisdom,religion,Kenya,religious / conversational / code-switched,Sheng AI Bible terminology candidate set,project_curated_candidate,original_terminology_annotation,yes_after_native_and_theological_review,yes_after_native_and_theological_review,needs_native_and_theological_review,0.55,
L00333,C0174,S00333,V0153,maarifa,knowledge,maarifa,knowledge,religion,Kenya,religious / conversational / code-switched,Sheng AI Bible terminology candidate set,project_curated_candidate,original_terminology_annotation,yes_after_native_and_theological_review,yes_after_native_and_theological_review,needs_native_and_theological_review,0.55,
L00334,C0174,S00334,V0153,knowledge,knowledge,maarifa,knowledge,religion,Kenya,religious / conversational / code-switched,Sheng AI Bible terminology candidate set,project_curated_candidate,original_terminology_annotation,yes_after_native_and_theological_review,yes_after_native_and_theological_review,needs_native_and_theological_review,0.55,
L00335,C0175,S00335,V0154,mfano,parable,mfano,parable,religion,Kenya,religious / conversational / code-switched,Sheng AI Bible terminology candidate set,project_curated_candidate,original_terminology_annotation,yes_after_native_and_theological_review,yes_after_native_and_theological_review,needs_native_and_theological_review,0.55,Also ordinary example/comparison sense.
L00336,C0175,S00336,V0154,parable,parable,mfano,parable,religion,Kenya,religious / conversational / code-switched,Sheng AI Bible terminology candidate set,project_curated_candidate,original_terminology_annotation,yes_after_native_and_theological_review,yes_after_native_and_theological_review,needs_native_and_theological_review,0.55,Also ordinary example/comparison sense.
L00337,C0176,S00337,V0155,funga,fast,funga,fast,religion,Kenya,religious / conversational / code-switched,Sheng AI Bible terminology candidate set,project_curated_candidate,original_terminology_annotation,yes_after_native_and_theological_review,yes_after_native_and_theological_review,needs_native_and_theological_review,0.55,Religious abstinence sense; same surface as 'close/tie'.
L00338,C0176,S00338,V0155,fast,fast,funga,fast,religion,Kenya,religious / conversational / code-switched,Sheng AI Bible terminology candidate set,project_curated_candidate,original_terminology_annotation,yes_after_native_and_theological_review,yes_after_native_and_theological_review,needs_native_and_theological_review,0.55,Religious abstinence sense; same surface as 'close/tie'.
L00339,C0177,S00339,V0156,kufunga,fasting,kufunga,fasting,religion,Kenya,religious / conversational / code-switched,Sheng AI Bible terminology candidate set,project_curated_candidate,original_terminology_annotation,yes_after_native_and_theological_review,yes_after_native_and_theological_review,needs_native_and_theological_review,0.55,
L00340,C0177,S00340,V0156,fasting,fasting,kufunga,fasting,religion,Kenya,religious / conversational / code-switched,Sheng AI Bible terminology candidate set,project_curated_candidate,original_terminology_annotation,yes_after_native_and_theological_review,yes_after_native_and_theological_review,needs_native_and_theological_review,0.55,
L00341,C0178,S00341,V0157,toa,offer,toa,offer,religion,Kenya,religious / conversational / code-switched,Sheng AI Bible terminology candidate set,project_curated_candidate,original_terminology_annotation,yes_after_native_and_theological_review,yes_after_native_and_theological_review,needs_native_and_theological_review,0.55,Ordinary verb too; context required.
L00342,C0178,S00342,V0157,offer,offer,toa,offer,religion,Kenya,religious / conversational / code-switched,Sheng AI Bible terminology candidate set,project_curated_candidate,original_terminology_annotation,yes_after_native_and_theological_review,yes_after_native_and_theological_review,needs_native_and_theological_review,0.55,Ordinary verb too; context required.
L00343,C0179,S00343,V0158,sadaka,offering,sadaka,offering,religion,Kenya,religious / conversational / code-switched,Sheng AI Bible terminology candidate set,project_curated_candidate,original_terminology_annotation,yes_after_native_and_theological_review,yes_after_native_and_theological_review,needs_native_and_theological_review,0.55,
L00344,C0179,S00344,V0158,offering,offering,sadaka,offering,religion,Kenya,religious / conversational / code-switched,Sheng AI Bible terminology candidate set,project_curated_candidate,original_terminology_annotation,yes_after_native_and_theological_review,yes_after_native_and_theological_review,needs_native_and_theological_review,0.55,
L00345,C0180,S00345,V0159,zaka,tithe,zaka,tithe,religion,Kenya,religious / conversational / code-switched,Sheng AI Bible terminology candidate set,project_curated_candidate,original_terminology_annotation,yes_after_native_and_theological_review,yes_after_native_and_theological_review,needs_native_and_theological_review,0.55,
L00346,C0180,S00346,V0159,tithe,tithe,zaka,tithe,religion,Kenya,religious / conversational / code-switched,Sheng AI Bible terminology candidate set,project_curated_candidate,original_terminology_annotation,yes_after_native_and_theological_review,yes_after_native_and_theological_review,needs_native_and_theological_review,0.55,
L00347,C0181,S00347,V0160,madhabahu,altar,madhabahu,altar,religion,Kenya,religious / conversational / code-switched,Sheng AI Bible terminology candidate set,project_curated_candidate,original_terminology_annotation,yes_after_native_and_theological_review,yes_after_native_and_theological_review,needs_native_and_theological_review,0.55,
L00348,C0181,S00348,V0160,altar,altar,madhabahu,altar,religion,Kenya,religious / conversational / code-switched,Sheng AI Bible terminology candidate set,project_curated_candidate,original_terminology_annotation,yes_after_native_and_theological_review,yes_after_native_and_theological_review,needs_native_and_theological_review,0.55,
L00349,C0182,S00349,V0161,hekalu,temple,hekalu,temple,religion,Kenya,religious / conversational / code-switched,Sheng AI Bible terminology candidate set,project_curated_candidate,original_terminology_annotation,yes_after_native_and_theological_review,yes_after_native_and_theological_review,needs_native_and_theological_review,0.55,
L00350,C0182,S00350,V0161,temple,temple,hekalu,temple,religion,Kenya,religious / conversational / code-switched,Sheng AI Bible terminology candidate set,project_curated_candidate,original_terminology_annotation,yes_after_native_and_theological_review,yes_after_native_and_theological_review,needs_native_and_theological_review,0.55,
L00351,C0183,S00351,V0162,safina,ark,safina,ark,religion,Kenya,religious / conversational / code-switched,Sheng AI Bible terminology candidate set,project_curated_candidate,original_terminology_annotation,yes_after_native_and_theological_review,yes_after_native_and_theological_review,needs_native_and_theological_review,0.55,Specific biblical-object sense; may require context.
L00352,C0183,S00352,V0162,ark,ark,safina,ark,religion,Kenya,religious / conversational / code-switched,Sheng AI Bible terminology candidate set,project_curated_candidate,original_terminology_annotation,yes_after_native_and_theological_review,yes_after_native_and_theological_review,needs_native_and_theological_review,0.55,Specific biblical-object sense; may require context.
L00353,C0184,S00353,V0163,gharika,flood,gharika,flood,religion,Kenya,religious / conversational / code-switched,Sheng AI Bible terminology candidate set,project_curated_candidate,original_terminology_annotation,yes_after_native_and_theological_review,yes_after_native_and_theological_review,needs_native_and_theological_review,0.55,
L00354,C0184,S00354,V0163,flood,flood,gharika,flood,religion,Kenya,religious / conversational / code-switched,Sheng AI Bible terminology candidate set,project_curated_candidate,original_terminology_annotation,yes_after_native_and_theological_review,yes_after_native_and_theological_review,needs_native_and_theological_review,0.55,
L00355,C0185,S00355,V0164,hadithi ya uumbaji,creation story,hadithi ya uumbaji,creation story,religion,Kenya,religious / conversational / code-switched,Sheng AI Bible terminology candidate set,project_curated_candidate,original_terminology_annotation,yes_after_native_and_theological_review,yes_after_native_and_theological_review,needs_native_and_theological_review,0.55,
L00356,C0185,S00356,V0164,creation story,creation story,hadithi ya uumbaji,creation story,religion,Kenya,religious / conversational / code-switched,Sheng AI Bible terminology candidate set,project_curated_candidate,original_terminology_annotation,yes_after_native_and_theological_review,yes_after_native_and_theological_review,needs_native_and_theological_review,0.55,
L00357,C0186,S00357,V0165,Mwanzo,Genesis,Mwanzo,Genesis,religion,Kenya,religious / conversational / code-switched,Sheng AI Bible terminology candidate set,project_curated_candidate,original_terminology_annotation,yes_after_native_and_theological_review,yes_after_native_and_theological_review,needs_native_and_theological_review,0.55,Book title; retain source-language conventions in translation workflow.
L00358,C0186,S00358,V0165,Genesis,Genesis,Mwanzo,Genesis,religion,Kenya,religious / conversational / code-switched,Sheng AI Bible terminology candidate set,project_curated_candidate,original_terminology_annotation,yes_after_native_and_theological_review,yes_after_native_and_theological_review,needs_native_and_theological_review,0.55,Book title; retain source-language conventions in translation workflow.
L00359,C0187,S00359,V0166,Kutoka,Exodus,Kutoka,Exodus,religion,Kenya,religious / conversational / code-switched,Sheng AI Bible terminology candidate set,project_curated_candidate,original_terminology_annotation,yes_after_native_and_theological_review,yes_after_native_and_theological_review,needs_native_and_theological_review,0.55,
L00360,C0187,S00360,V0166,Exodus,Exodus,Kutoka,Exodus,religion,Kenya,religious / conversational / code-switched,Sheng AI Bible terminology candidate set,project_curated_candidate,original_terminology_annotation,yes_after_native_and_theological_review,yes_after_native_and_theological_review,needs_native_and_theological_review,0.55,
L00361,C0188,S00361,V0167,Zaburi,Psalms,Zaburi,Psalms,religion,Kenya,religious / conversational / code-switched,Sheng AI Bible terminology candidate set,project_curated_candidate,original_terminology_annotation,yes_after_native_and_theological_review,yes_after_native_and_theological_review,needs_native_and_theological_review,0.55,
L00362,C0188,S00362,V0167,Psalms,Psalms,Zaburi,Psalms,religion,Kenya,religious / conversational / code-switched,Sheng AI Bible terminology candidate set,project_curated_candidate,original_terminology_annotation,yes_after_native_and_theological_review,yes_after_native_and_theological_review,needs_native_and_theological_review,0.55,
L00363,C0189,S00363,V0168,Mithali,Proverbs,Mithali,Proverbs,religion,Kenya,religious / conversational / code-switched,Sheng AI Bible terminology candidate set,project_curated_candidate,original_terminology_annotation,yes_after_native_and_theological_review,yes_after_native_and_theological_review,needs_native_and_theological_review,0.55,
L00364,C0189,S00364,V0168,Proverbs,Proverbs,Mithali,Proverbs,religion,Kenya,religious / conversational / code-switched,Sheng AI Bible terminology candidate set,project_curated_candidate,original_terminology_annotation,yes_after_native_and_theological_review,yes_after_native_and_theological_review,needs_native_and_theological_review,0.55,
L00365,C0190,S00365,V0169,Mathayo,Matthew,Mathayo,Matthew,religion,Kenya,religious / conversational / code-switched,Sheng AI Bible terminology candidate set,project_curated_candidate,original_terminology_annotation,yes_after_native_and_theological_review,yes_after_native_and_theological_review,needs_native_and_theological_review,0.55,
L00366,C0190,S00366,V0169,Matthew,Matthew,Mathayo,Matthew,religion,Kenya,religious / conversational / code-switched,Sheng AI Bible terminology candidate set,project_curated_candidate,original_terminology_annotation,yes_after_native_and_theological_review,yes_after_native_and_theological_review,needs_native_and_theological_review,0.55,
L00367,C0191,S00367,V0170,Marko,Mark,Marko,Mark,religion,Kenya,religious / conversational / code-switched,Sheng AI Bible terminology candidate set,project_curated_candidate,original_terminology_annotation,yes_after_native_and_theological_review,yes_after_native_and_theological_review,needs_native_and_theological_review,0.55,
L00368,C0191,S00368,V0170,Mark,Mark,Marko,Mark,religion,Kenya,religious / conversational / code-switched,Sheng AI Bible terminology candidate set,project_curated_candidate,original_terminology_annotation,yes_after_native_and_theological_review,yes_after_native_and_theological_review,needs_native_and_theological_review,0.55,
L00369,C0192,S00369,V0171,Luka,Luke,Luka,Luke,religion,Kenya,religious / conversational / code-switched,Sheng AI Bible terminology candidate set,project_curated_candidate,original_terminology_annotation,yes_after_native_and_theological_review,yes_after_native_and_theological_review,needs_native_and_theological_review,0.55,
L00370,C0192,S00370,V0171,Luke,Luke,Luka,Luke,religion,Kenya,religious / conversational / code-switched,Sheng AI Bible terminology candidate set,project_curated_candidate,original_terminology_annotation,yes_after_native_and_theological_review,yes_after_native_and_theological_review,needs_native_and_theological_review,0.55,
L00371,C0193,S00371,V0172,Yohana,John,Yohana,John,religion,Kenya,religious / conversational / code-switched,Sheng AI Bible terminology candidate set,project_curated_candidate,original_terminology_annotation,yes_after_native_and_theological_review,yes_after_native_and_theological_review,needs_native_and_theological_review,0.55,
L00372,C0193,S00372,V0172,John,John,Yohana,John,religion,Kenya,religious / conversational / code-switched,Sheng AI Bible terminology candidate set,project_curated_candidate,original_terminology_annotation,yes_after_native_and_theological_review,yes_after_native_and_theological_review,needs_native_and_theological_review,0.55,
L00373,C0194,S00373,V0173,Warumi,Romans,Warumi,Romans,religion,Kenya,religious / conversational / code-switched,Sheng AI Bible terminology candidate set,project_curated_candidate,original_terminology_annotation,yes_after_native_and_theological_review,yes_after_native_and_theological_review,needs_native_and_theological_review,0.55,
L00374,C0194,S00374,V0173,Romans,Romans,Warumi,Romans,religion,Kenya,religious / conversational / code-switched,Sheng AI Bible terminology candidate set,project_curated_candidate,original_terminology_annotation,yes_after_native_and_theological_review,yes_after_native_and_theological_review,needs_native_and_theological_review,0.55,
L00375,C0195,S00375,V0174,Ufunuo,Revelation,Ufunuo,Revelation,religion,Kenya,religious / conversational / code-switched,Sheng AI Bible terminology candidate set,project_curated_candidate,original_terminology_annotation,yes_after_native_and_theological_review,yes_after_native_and_theological_review,needs_native_and_theological_review,0.55,
L00376,C0195,S00376,V0174,Revelation,Revelation,Ufunuo,Revelation,religion,Kenya,religious / conversational / code-switched,Sheng AI Bible terminology candidate set,project_curated_candidate,original_terminology_annotation,yes_after_native_and_theological_review,yes_after_native_and_theological_review,needs_native_and_theological_review,0.55,
